,,,,,,,,,,,,,,,,,,,,,,,,,,,,,,,,,,,,,,,,,,,,,,,,,,,,,,,,,,,,,,,,,,,,,,,,,,,,,,,,,,,,,,,,,,,,,,,,,,,,,,,,,,,,,,,,,,,,,,,,,,,,,,,,,,,,,,,,,,,,,,,,,,,,,,,,,,,,,,,,,,,,,,,,,,,,,,,,,,,,,,,,,,,,,,,,,,,,,,,,,,,,,,,,,,,,,,,,,,,,,,,,,,,,,,,,,,,,,,,,,,,loanstatus,,,,,,,,,,,,,,,,,,,,,,,,,,,,,,,,,,,,,,,,,,,,,,,,,,,,,agreementno,,,,,,,,,,,,,,,,,,,,,,,,,,,,,,,,,,,,,,,,,,,,APPL_REF_NUM,,,,,,,,,,,,,,,,,,,,,,,,,,,,,,,,,,,,,,,,,,,,,,,,,,,
MPI_FKEY,MPI_CUST_ID,MPI_CON_ID,MPI_PROJ_ID,MPI_LOAN_TYPE,MPI_CRDT_SCH_CD,MPI_PROPOSAL_ID,MPI_PROD_CD,MPI_SPRD_CD,MPI_ST_DT,MPI_REPMT_CCY,MPI_MATURITY_COMPFLG,MPI_MAT_DT,MPI_REPMT_TNR,MPI_PROJ_CRDT_EXPDT,MPI_CONV_TYPE,MPI_EXCHNG_RT,MPI_PROJ_COMPFLG,MPI_PROJ_COST,MPI_PAY_MODE,MPI_COLL_LOC_CD,MPI_PAY_INFO,MPI_REPMT_FRQ,MPI_PAY_FREQ_INMTHS,MPI_BALON_FREQ,MPI_BALON_FREQ_MTHS,MPI_BALON_AMT,MPI_BALON_CCY,MPI_REPMT_MODE,MPI_REPMT_DT,MPI_BILL_CYCLE,MPI_BILL_MTHYR,MPI_NOOF_VARS,MPI_PRIN_FREQ,MPI_INT_FREQ,MPI_FEECHGS_SCHCD,MPI_LET_SCHCD,MPI_PRISTR_SCHCD,MPI_DOC_SCHCD,MPI_RPA_BAL_INTCRDT,MPI_DELQ_AGE_RESET,MPI_PART_PREPAY,MPI_SCORE_IND,MPI_DISBAUTH_REQ,MPI_CDSCHK_REQ,MPI_ASSET_ALLOW,MPI_NOOF_ASSETS,MPI_REPOSS_ALLOW,MPI_ASSET_XCLULINK,MPI_COV_RATIO,MPI_RESTRU_ALLOW,MPI_FSTRESTRU_MINMTHS,MPI_SUBRESTRU_MINMTHS,MPI_MAXNOOF_RESTRU,MPI_RESTRDELQ_CLEAN,MPI_AUTOMAT_CLOSURE,MPI_PRINOUT_TOLLMT,MPI_MATURITY_LIMIT,MPI_XCESS_REFUND_LMT,MPI_PREPAY_ALLOW,MPI_PREPAY_CHGS_COMP,MPI_PREPAY_TIMELMT,MPI_COMPROLL_BYNDMAT,MPI_ROLLCOMPS_ALLOW,MPI_NXTROLL_DT,MPI_MAXNOOF_ROLL,MPI_REL_MGR,MPI_PRIN_FREQ_MTHS,MPI_INT_FREQ_MTHS,MPI_INT_MORAT_FLAG,MPI_INT_MORAT,MPI_DISCOUNT_TYPE,MPI_DISCOUNT_RT,MPI_MARGIN_MONEY_FLG,MPI_ADV_INSTALL_FLG,MPI_FIRST_INSTALL_FLG,MPI_MARGIN_MONEY_AMT,MPI_ADV_INSTALL_AMT,MPI_FIRST_INSTALL_AMT,MPI_EQ_INST_AMT,MPI_BE_MODE,MPI_STAT_CD,MPI_CRLT,MPI_CRLT_CCY,MPI_AVAIL_CR,MPI_CRLT_CON_CCY,MPI_CRLT_AMT_CONV_RT,MPI_CRLT_AMT_CONV_TYPE,MPI_PROJCRLT_AMT_CON_CCY,MPI_CLS_DT,MPI_INST_IND,MPI_DOWN_PMT_AMT,MPI_DOWN_PMT_CCY_CD,MPI_DOWN_PMT_X_RT,MPI_DOWN_PMT_X_AMT,MPI_TOKEN_AMT,MPI_VAT_RT,MPI_WEIGH_VAT,MPI_CUST_IRR,MPI_OPS_IRR,MPI_SALE_IRR,MPI_PROP_SALE_IRR,MPI_EMI,MPI_CONV_EMI,MPI_PRINT_OPT,MPI_CUST_BYBCK_IND,MPI_COST_FUNDS,MPI_LATE_CHGS_RT,MPI_DEAL_CD,MPI_DEAL_PART,MPI_SEC_CD,MPI_DSA_CD,MPI_GOVT_FA_CD,MPI_CB_SEC_CD,MPI_PRIN_KNK_IND,MPI_ACCR_CD,MPI_LATE_CHGS_SCH_CD,MPI_LOC_SCH_CD,MPI_LOCN_DQ_SCH_CD,MPI_CSH_SCH_CD,MPI_PRR_SCH_CD,MPI_NXT_ACCR_DT,MPI_LAST_ACCR_DT,MPI_CSH_COLL_AMT,MPI_DS_AMT,MPI_LOC,MPI_ROE,MPI_TOT_LOC,MPI_SI_CITY_CD,MPI_SI_ACC_NO,MPI_INS_DONE_BY,MPI_LINK_PROJ_ID,MPI_UNFIN_NO,MPI_TOT_OS_EWCCY,MPI_FIRST_STAT_DT,MPI_LEGAL_STAT,MPI_LEGAL_EFF_DT,MPI_LEGAL_TERM_FLG,MPI_REST_FLG,MPI_REPO_FLG,MPI_NON_ACCR_FLG,MPI_REST_EFF_DT,MPI_REPO_EFF_DT,MPI_NON_ACCR_EFF_DT,MPI_WATCH_TAG,MPI_WATCH_VALID_DT,MPI_RESTR_STAT_CD,MPI_BOOK_X_RT,MPI_INT_TYPE,MPI_FLOAT_SCH_CD,MPI_BASE_INDEX_RT,MPI_CUST_OFFSET,MPI_PROD_OFFSET,MPI_PROJ_OFFSET,MPI_NET_INT_RT,MPI_PRIN_DEBT,MPI_ACCR_FREQ,MPI_RESTR_PROCESS,MPI_INT_COMPOUND,MPI_BANK_CD,MPI_BANK_ACC_NO,MPI_FEE1_TYPE,MPI_FEE1_AMT,MPI_AMORT1,MPI_NON_AMORT1,MPI_FEE2_TYPE,MPI_FEE2_AMT,MPI_AMORT2,MPI_NON_AMORT2,MPI_FEE3_TYPE,MPI_FEE3_AMT,MPI_AMORT3,MPI_NON_AMORT3,MPI_FEE4_TYPE,MPI_FEE4_AMT,MPI_AMORT4,MPI_NON_AMORT4,MPI_FEE5_TYPE,MPI_FEE5_AMT,MPI_AMORT5,MPI_NON_AMORT5,MPI_BUCK_STAT,MPI_DISCOUNT_PRIN,MPI_FA_EXIST,MPI_RATE_TYPE,MPI_DQ_STAT_CD,MPI_DQ_EFF_DT,MPI_DQ_CATEGORY,MPI_STAT_IND,MPI_GRACE_DAYS,MPI_VALUE_DT,MPI_SCHD_TYPE,MPI_ACTUAL_AMORT1,MPI_ACTUAL_AMORT2,MPI_ACTUAL_AMORT3,MPI_ACTUAL_AMORT4,MPI_ACTUAL_AMORT5,MPI_AMORT_AMT1,MPI_AMORT_AMT2,MPI_AMORT_AMT3,MPI_AMORT_AMT4,MPI_AMORT_AMT5,MPI_INT_LOC_CALC,MPI_PROJ_FLOOR,MPI_PROJ_CEIL,MPI_PROJ_EFF_RT,MPI_FLOAT_SEQ_NO,MPI_REJECT_TXT,MPI_RE_FIN,MPI_RE_FIN_AGNT,MPI_BUCK_EFF_DT,MPI_OFFSET_DAYS,MPI_DQ_SCH_CD,MPI_CITY_CD,MPI_FEE1_CCY,MPI_FEE2_CCY,MPI_FEE3_CCY,MPI_FEE4_CCY,MPI_FEE5_CCY,MPI_BDAY_RULE,MPI_INDEX_RESET_DT,MPI_PRIOR_DAYS,MPI_HOLIDAY_CONV_TYPE,MPI_RESTR_SLNO,MPI_INDEX_RESET_EOD_DT,MPI_FLOAT_RT_DT,MPI_STMT_PRINT_FLG,MPI_RF_RANK,MPI_WORST_DQ_STAT,MPI_LAST_ADV_DT,MPI_LOCN_CODE,MPI_DATE,MPI_BILL_CYCLE_DD,MPI_CHEQ_HIST,MPI_BOUNCE_COUNT,MPI_PDC_TYPE,MPI_ROWID,MPI_DISB_DT,MPI_NO_NPLUS,MKR_ID,MKR_DT,AUTH_ID,AUTH_DT,REC_ST,MPI_DISB_TYPE,MPI_STEPUP_FLAG,MPI_ASC_FLAG,MPI_ASC_DATE,MPI_ACCRUAL_SCHCD,MPI_TRN_BAKVAL_LMT_SCHCD,MPI_SI_DISB_AUTH,MPI_SDISB_MAKER,MPI_SDISB_AUTH,MPI_INT_BASIS,MPI_NO_DAYS,MPI_CLOS_DAY_INT,MPI_FSTRESTRU_MINMTHS_OFLG,MPI_SUBRESTRU_MINMTHS_OFLG,MPI_MAXNOOF_RESTRU_OFLG,MPI_PREPAY_TIMELMT_OFLG,MPI_MAXNOOF_ROLL_OFLG,MPI_MANUAL_INDEX_RESET_DT,MPI_WAIVER_LIMIT,MPI_WAIVER_LIMIT_OFLG,MPI_SHORTFALL_LIMIT,MPI_SHORTFALL_LIMIT_OFLG,MPI_MATURITY_PERIOD,MPI_MAPPING_SCHEME_CD,MPI_ERR_ST,MPI_ERR_DESC,MPI_NEXT_PRIN_REST_DT,MPI_LAST_RESTRUCT_DT,MPI_LOAN_CLASS,MPI_DEDUPE_REQD,MPI_DISINT_AMORT_FREQ,MPI_AMORT_OVER_FLG,MPI_UNPD_INST,MPI_SOLD_FLAG,MPI_MIG_FLAG,MPI_MIG_LOAN_TYPE,MPI_MIG_LOAN_TYPE_CLASS,MPI_DISBRESCHD_DT,MPI_DUERESCHD_DT,MPI_LTU_FLAG,MPI_MIG_LOAN_STATUS,MPI_COLLAT_REQ,MPI_COLLAT_REVAL_AMT,MPI_COLLAT_ORG_AMT,MPI_SAL_AMT,MPI_SI_AMT,MPI_TOPUP_FLG,MPI_IAS39_CD,MPI_SUBSI_RT,MPI_SUBSI_PERIOD,MPI_SUBSI_BASE_BURDEN,MPI_SUBSI_FIXED_AMT,MPI_LEGACY_ID,MPI_RESCH_OPTION,MPI_ACCR_MODE,MPI_ENTRY_FREQ,MPI_DEPOSIT_LINKED,MPI_DEP_LNK_LEIN,MPI_GRANTOR_ID,MPI_LOAN_PAYEE,MPI_POS_CD,MPI_TIER_RT_SCHEME,MPI_NOOF_ADVINS,MPI_TXN_CITY_CD,MPI_TXN_POS_CD,MPI_ORG_CITY_CD,MPI_ORG_POS_CD,MPI_MARGIN_MONEY_REFNO,MPI_SALARY_CREDITFLG,MPI_LOAN_VALUE,MPI_VEHICLE_INS,MPI_DOWN_PYMT,MPI_DOWN_PYMT_PAID_TO,MPI_AUTO_RESCH_FLAG,MPI_NOOF_INST_DEFERRED,MPI_DOWN_PYMT_ACCNO,MPI_REF_NO,MPI_FD_AMT,MPI_PART_PREPAY_OFLG,MPI_FD_STRING,MPI_DISC_AMT,MPI_COMN_PER,MPI_SANC_AUTHORTITY,MPI_SANC_REF_NO,MPI_SANC_ISS_DT,MPI_SANC_EXP_DT,MPI_EMPLOY_DT,MPI_RPS_REF_NO,MPI_DEFERRAL_FLG,MPI_CAPINT_DAY,MPI_DOWN_PMT_FORCE_DEBIT,MPI_MAX_PROJ_COST_CON_CCY,MPI_MAX_PROJ_COST_LOAN_CCY,MPI_HYB_RESET_DT,MPI_LINE_NO,MPI_SECURITIZATION_FLG,MPI_APP_REF_NO,MPI_SUBSI_FLG,MPI_HYB_EFF_DT,MPI_ORG_PROJ_COST,MPI_REMARKS,MPI_PREV_PROJ_COST,MPI_DPD,MPI_PREV_STAT,MPI_DERV_STAT,MPI_DQ_STRING,MPI_CURR_SCORE,MPI_SCORE_HIST,MPI_MIG_DATE,MPI_REGIST_FLAG,MPI_HS_ACCNO,MPI_SUBVEN_ACCNO,MPI_HS_DATE,MPI_HS_BALANCE,MPI_SUBVEN_DQ_STAT_CD,MPI_SUBVEN_DPD,MPI_SUBVEN_PREV_STAT,MPI_SUBVEN_DERV_STAT,MPI_SUBVEN_DQ_STRING,MPI_SUBVEN_DELEAR_CD,MPI_RESD_AMT,MPI_ASST_CODE,MPI_ASST_NOMINAL_VAL,MPI_SUPP_VAT_PERCENT,MPI_SUPP_VAT_AMOUNT,MPI_IND_SUPP_AMT,MPI_TERMI_FLG,MPI_FROZ_STAT,MPI_FROZ_SUB,MPI_FROZ_REASON,MPI_FROZ_SUB_DESC,MPI_SUBSI_INT_SCH,MPI_DQ_DUE_RESCH_DT,MPI_DELQ_SKIP_FLG,MPI_VEH_INS_FLG,MPI_MF_TC_CODE,MPI_INT_ST_DT,MPI_AUTO_DEBIT_LT,MPI_CR_SHIELD_FLAG,MPI_CR_SHIELD_PREM_AMT,MPI_AUTO_DEBIT_ST_DT,MPI_AUTO_DEBIT_END_DT,MPI_CUST_COMPANY_NAME,MPI_LOAN_CHILD_LEGACY_ID,MPI_LOAN_PARENT_LEGACY_ID,MPI_TOP_UP_MODE,MPI_COA_ROE_EIR,report_dt
1000,34,1,1,R,INSPL1,,INSPL1,INSPL1,25SEP2007:00:00:00,VND,T,01OCT2010:00:00:00,36,30SEP2010:00:00:00,,,U,55000000,OTC,,E,PFRMON,0,,,0,,E,01NOV2007:00:00:00,,,36,,,,,,,,,,,,,,,,,,,,,,,,,,,,,,,,,,,,,,,N,,,,,0,0,0,2187700,,,,,,VND,,,,,,0,,,,,,,,,,,2187700,,,,,,,,,,,,,,,,,,,11NOV2011:00:00:00,11NOV2011:00:00:00,,,,,,,,,,,,,,,,,,,,,,,,,,,,,,,,25.03,,,,,50203015,,,,,,,,,,,,,,,,,,,,,,0,,,,TB12,,1,N,,,,,,,,,,,,,,,,,,,,,,,,DPDSCH,2,,,,,,BRANCH,11NOV2011:00:00:00,,NONE,,,,,,0,,,,,,,,,15OCT2007:00:00:00,,MIGMKR,31JAN2019:00:00:00,MIGAUTH,15OCT2007:10:49:41,A,S,N,N,,,,,,,,,,,,,,,,0,Y,,,,INSPL1,,,01NOV2007:00:00:00,,,,,,5,,Y,R,,,,,,,,,,,N,,,,,,10000046,I,,,N,N,,,,,0,BR0001,2,BR0001,2,,N,55000000,,0,,,,,,,,,,,,,,,,,,,,,,,,,7.0925E+14,,,55000000,,,3795,TB6,TB12,**WWWWWWWWWWWWWWWWWWWWWW,,,31JAN2019:00:00:00,,,,,,,,,,,,0,,,,,,,,,,,,,,,50203015,15OCT2007:00:00:00,2187700,,0,,01OCT2010:00:00:00,,,,,,16-Dec-20
1001,35,1,1,R,INSPL1,,INSPL1,INSPL1,25SEP2007:00:00:00,VND,T,01OCT2011:00:00:00,48,30SEP2011:00:00:00,,,U,74000000,OTC,,E,PFRMON,0,,,0,,E,01NOV2007:00:00:00,,,48,,,,,,,,,,,,,,,,,,,,,,,,,,,,,,,,,,,,,,,N,,,,,0,0,0,2392600,,,,,,VND,,,,,,0,,,,,,,,,,,2392600,,,,,,,,,,,,,,,,,,,11NOV2011:00:00:00,11NOV2011:00:00:00,,,,,,,,,,,,,,,,,,,,,,,,,,,,,,,,23.51,,,,,50307015,,,,,,,,,,,,,,,,,,,,,,0,,,,TB12,,1,N,,,,,,,,,,,,,,,,,,,,,,,,DPDSCH,2,,,,,,BRANCH,11NOV2011:00:00:00,,NONE,,,,,,0,,,,,,,,,02OCT2007:00:00:00,,MIGMKR,31JAN2019:00:00:00,MIGAUTH,01OCT2007:14:13:57,A,S,N,N,,,,,,,,,,,,,,,,0,Y,,,,INSPL1,,,01NOV2007:00:00:00,,,,,,19,,Y,R,,,,,,,,,,,N,,,,,,10000047,I,,,N,N,,,,,0,BR0001,2,BR0001,2,,N,74000000,,0,,,,,,,,,,,,,,,,,,,,,,,,,7.0925E+14,,,74000000,,,3855,TB6,TB12,**WWWWWWWWWWWWWWWWWWWWWW,,,31JAN2019:00:00:00,,,,,,,,,,,,0,,,,,,,,,,,,,,,50307015,01OCT2007:00:00:00,2392600,,0,,01OCT2011:00:00:00,,,,,,16-Dec-20
1002,38,1,1,R,SALPL1,,SALPL1,SALPL1,26SEP2007:00:00:00,VND,T,01OCT2010:00:00:00,36,30SEP2010:00:00:00,,,U,40000000,OTC,,E,PFRMON,0,,,0,,E,01NOV2007:00:00:00,,,36,,,,,,,,,,,,,,,,,,,,,,,,,,,,,,,,,,,,,,,N,,,,,0,0,0,1655000,,,,,,VND,,,,,,0,,,,,,,,,,,1655000,,,,,,,,,,,,,,,,,,,11NOV2011:00:00:00,11NOV2011:00:00:00,,,,,,,,,,,,,,,,,,,,,,,,,,,,,,,,28.02,,,,,50204083,,,,,,,,,,,,,,,,,,,,,,0,,,,TB12,,1,N,,,,,,,,,,,,,,,,,,,,,,,,DPDSCH,2,,,,,,BRANCH,11NOV2011:00:00:00,,NONE,,,,,,0,,,,,,,,,01OCT2007:00:00:00,,MIGMKR,31JAN2019:00:00:00,MIGAUTH,01OCT2007:13:42:31,A,S,N,N,,,,,,,,,,,,,,,,0,Y,,,,SALPL1,,,01NOV2007:00:00:00,,,,,,31,,Y,R,,,,,,,,,,,N,,,,,,10000050,I,,,N,N,,,,,0,BR0001,2,BR0001,2,,N,40000000,,0,,,,,,,,,,,,,,,,,,,,,,,,,7.0926E+14,,,40000000,,,4575,TB6,TB12,**WWWWWWWWWWWWWWWWWWWWWW,,,31JAN2019:00:00:00,,,,,,,,,,,,0,,,,,,,,,,,,,,,50204083,01OCT2007:00:00:00,1655000,,0,,01OCT2010:00:00:00,,,,,,16-Dec-20
1003,45,1,1,R,SALPL1,,SALPL1,SALPL1,02OCT2007:00:00:00,VND,T,01OCT2010:00:00:00,36,30SEP2010:00:00:00,,,U,47000000,OTC,,E,PFRMON,0,,,0,,E,01NOV2007:00:00:00,,,36,,,,,,,,,,,,,,,,,,,,,,,,,,,,,,,,,,,,,,,N,,,,,0,,0,1944600,,,,,,VND,,,,01OCT2010:00:00:00,,0,,,,,,,,,,,1944600,,,,,,,,,,,,,,,,,,,,,,,,,,,,,,,,,,,,,,,,,,,,,,,,,,,,28.02,,,,,50304019,101045682,,,,,,,,,,,,,,,,,,,,,,,,,REGLR,,1,N,,,,,,,,,,,,,,,,,,,,,,,,DPDSCH,2,,,,,,BRANCH,,,NONE,,,,,,,,,,,,,,,02OCT2007:00:00:00,,MIGMKR,31JAN2019:00:00:00,MIGAUTH,02OCT2007:13:55:09,C,S,N,N,,,,,,,,,,,,,,,,0,Y,,,,SALPL1,,,01NOV2007:00:00:00,,,,,,0,,Y,R,,,,,,,,,,,N,,,,,,10000057,I,,,N,N,,,,,0,BR0001,2,BR0001,2,,N,47000000,,0,,,,,,,,,,,,,,,,,,,,,,,,,7.0926E+14,,,47000000,,,0,REGLR,,,,,31JAN2019:00:00:00,,,,,,,,,,,,0,,,,,,,,,,,,,,,5.0304E+17,02OCT2007:00:00:00,1944600,N,0,,01OCT2010:00:00:00,,,,,0,16-Dec-20
1004,51,1,1,R,SALPL1,,SALPL1,SALPL1,27SEP2007:00:00:00,VND,T,01OCT2010:00:00:00,36,30SEP2010:00:00:00,,,U,48000000,OTC,,E,PFRMON,0,,,0,,E,01NOV2007:00:00:00,,,36,,,,,,,,,,,,,,,,,,,,,,,,,,,,,,,,,,,,,,,N,,,,,0,0,0,1986000,,,,,,VND,,,,,,0,,,,,,,,,,,1986000,,,,,,,,,,,,,,,,,,,11NOV2011:00:00:00,11NOV2011:00:00:00,,,,,,,,,,,,,,,,,,,,,,,,,,,,,,,,28.02,,,,,50310014,,,,,,,,,,,,,,,,,,,,,,0,,,,TB12,,1,N,,,,,,,,,,,,,,,,,,,,,,,,DPDSCH,2,,,,,,BRANCH,11NOV2011:00:00:00,,NONE,,,,,,0,,,,,,,,,01OCT2007:00:00:00,,MIGMKR,31JAN2019:00:00:00,MIGAUTH,01OCT2007:16:31:37,A,S,N,N,,,,,,,,,,,,,,,,0,Y,,,,SALPL1,,,01NOV2007:00:00:00,,,,,,29,,Y,R,,,,,,,,,,,N,,,,,,10000063,I,,,N,N,,,,,0,BR0001,2,BR0001,2,,N,48000000,,0,,,,,,,,,,,,,,,,,,,,,,,,,7.0927E+14,,,48000000,,,4515,TB6,TB12,**WWWWWWWWWWWWWWWWWWWWWW,,,31JAN2019:00:00:00,,,,,,,,,,,,0,,,,,,,,,,,,,,,50310014,01OCT2007:00:00:00,1986000,,0,,01OCT2010:00:00:00,,,,,,16-Dec-20
1005,58,1,1,R,SALPL1,,SALPL1,SALPL1,27SEP2007:00:00:00,VND,T,01OCT2010:00:00:00,36,30SEP2010:00:00:00,,,U,30000000,OTC,,E,PFRMON,0,,,0,,E,01NOV2007:00:00:00,,,36,,,,,,,,,,,,,,,,,,,,,,,,,,,,,,,,,,,,,,,N,,,,,0,0,0,1340400,,,,,,VND,,,,,,0,,,,,,,,,,,1340400,,,,,,,,,,,,,,,,,,,11NOV2011:00:00:00,11NOV2011:00:00:00,,,,,,,,,,,,,,,,,,,,,,,,,,,,,,,,34.01,,,,,50310014,,,,,,,,,,,,,,,,,,,,,,0,,,,TB12,,1,N,,,,,,,,,,,,,,,,,,,,,,,,DPDSCH,2,,,,,,BRANCH,11NOV2011:00:00:00,,NONE,,,,,,0,,,,,,,,,08OCT2007:00:00:00,,MIGMKR,31JAN2019:00:00:00,MIGAUTH,08OCT2007:10:40:02,A,S,N,N,,,,,,,,,,,,,,,,0,Y,,,,SALPL1,,,01NOV2007:00:00:00,,,,,,28,,Y,R,,,,,,,,,,,N,,,,,,10000070,I,,,N,N,,,,,0,BR0001,2,BR0001,2,,N,30000000,,0,,,,,,,,,,,,,,,,,,,,,,,,,7.0927E+14,,,30000000,,,4485,TB6,TB12,**WWWWWWWWWWWWWWWWWWWWWW,,,31JAN2019:00:00:00,,,,,,,,,,,,0,,,,,,,,,,,,,,,50310014,08OCT2007:00:00:00,1340400,,0,,01OCT2010:00:00:00,,,,,,16-Dec-20
1006,65,1,1,R,SALPL1,,SALPL1,SALPL1,03OCT2007:00:00:00,VND,T,01OCT2010:00:00:00,36,30SEP2010:00:00:00,,,U,70000000,ACH,,E,PFRMON,0,,,0,,E,01NOV2007:00:00:00,,,36,,,,,,,,,,,,,,,,,,,,,,,,,,,,,,,,,,,,,,,N,,,,,0,,0,2784300,,,,,,VND,,,,01OCT2010:00:00:00,,0,,,,,,,,,,,2784300,,,,,,,,,,,,,,,,,,,,,,,,,,,,,,,,,,,,,,,,,,,,,,,,,,,,25.03,,,,,79203011,1.81002E+11,,,,,,,,,,,,,,,,,,,,,,,,,REGLR,,1,N,,,,,,,,,,,,,,,,,,,,,,,,DPDSCH,2,,,,,,BRANCH,,,NONE,,,,,,,,,,,,,,,04OCT2007:00:00:00,,MIGMKR,31JAN2019:00:00:00,MIGAUTH,03OCT2007:17:46:45,C,S,N,N,,,,,,,,,,,,,,,,0,Y,,,,SALPL1,,,01NOV2007:00:00:00,,,,,,0,,Y,R,,,,,,,,,,,N,,,,,,10000077,I,,,N,N,,,,,0,BR0001,2,BR0001,2,,N,70000000,,0,,,,,,,,,,,,,,,,,,,,,,,,,7.0927E+14,,,70000000,,,0,REGLR,,,,,31JAN2019:00:00:00,,,,,,,,,,,,0,,,,,,,,,,,,,,,7.9203E+20,03OCT2007:00:00:00,2784300,N,0,01DEC2007:00:00:00,01OCT2010:00:00:00,,,,,0,16-Dec-20
1007,69,1,1,R,SALPL1,,SALPL1,SALPL1,27SEP2007:00:00:00,VND,T,01OCT2011:00:00:00,48,30SEP2011:00:00:00,,,U,60000000,OTC,,E,PFRMON,0,,,0,,E,01NOV2007:00:00:00,,,48,,,,,,,,,,,,,,,,,,,,,,,,,,,,,,,,,,,,,,,N,,,,,0,0,0,1969800,,,,,,VND,,,,,,0,,,,,,,,,,,1969800,,,,,,,,,,,,,,,,,,,11NOV2011:00:00:00,11NOV2011:00:00:00,,,,,,,,,,,,,,,,,,,,,,,,,,,,,,,,24.41,,,,,50304019,,,,,,,,,,,,,,,,,,,,,,0,,,,TB12,,1,N,,,,,,,,,,,,,,,,,,,,,,,,DPDSCH,2,,,,,,BRANCH,11NOV2011:00:00:00,,NONE,,,,,,0,,,,,,,,,08OCT2007:00:00:00,,MIGMKR,31JAN2019:00:00:00,MIGAUTH,08OCT2007:16:09:43,A,S,N,N,,,,,,,,,,,,,,,,0,Y,,,,SALPL1,,,01NOV2007:00:00:00,,,,,,36,,Y,R,,,,,,,,,,,N,,,,,,10000082,I,,,N,N,,,,,0,BR0001,2,BR0001,2,,N,60000000,,0,,,,,,,,,,,,,,,,,,,,,,,,,7.0927E+14,,,60000000,,,4365,TB6,TB12,**WWWWWWWWWWWWWWWWWWWWWW,,,31JAN2019:00:00:00,,,,,,,,,,,,0,,,,,,,,,,,,,,,50304019,08OCT2007:00:00:00,1969800,,0,,01OCT2011:00:00:00,,,,,,16-Dec-20
1008,81,1,1,R,SALPL1,,SALPL1,SALPL1,03OCT2007:00:00:00,VND,T,01OCT2010:00:00:00,36,30SEP2010:00:00:00,,,U,43000000,OTC,,E,PFRMON,0,,,0,,E,01NOV2007:00:00:00,,,36,,,,,,,,,,,,,,,,,,,,,,,,,,,,,,,,,,,,,,,N,,,,,0,,0,1779100,,,,,,VND,,,,01OCT2010:00:00:00,,0,,,,,,,,,,,1779100,,,,,,,,,,,,,,,,,,,,,,,,,,,,,,,,,,,,,,,,,,,,,,,,,,,,28.02,,,,,50203015,71001481051,,,,,,,,,,,,,,,,,,,,,,,,,REGLR,,1,N,,,,,,,,,,,,,,,,,,,,,,,,DPDSCH,2,,,,,,BRANCH,,,NONE,,,,,,,,,,,,,,,03OCT2007:00:00:00,,MIGMKR,31JAN2019:00:00:00,MIGAUTH,03OCT2007:11:33:09,C,S,N,N,,,,,,,,,,,,,,,,0,Y,,,,SALPL1,,,01NOV2007:00:00:00,,,,,,0,,Y,R,,,,,,,,,,,N,,,,,,10000095,I,,,N,N,,,,,0,BR0001,2,BR0001,2,,N,43000000,,0,,,,,,,,,,,,,,,,,,,,,,,,,7.0927E+14,,,43000000,,,3,REGLR,,,,,31JAN2019:00:00:00,,,,,,,,,,,,0,,,,,,,,,,,,,,,5.0203E+20,03OCT2007:00:00:00,1779100,N,0,,01OCT2010:00:00:00,,,,,0,16-Dec-20
1009,93,1,1,R,INSPL1,,INSPL1,INSPL1,28SEP2007:00:00:00,VND,T,01OCT2011:00:00:00,48,30SEP2011:00:00:00,,,U,52000000,OTC,,E,PFRMON,0,,,0,,E,01NOV2007:00:00:00,,,48,,,,,,,,,,,,,,,,,,,,,,,,,,,,,,,,,,,,,,,N,,,,,0,0,0,1733200,,,,,,VND,,,,,,0,,,,,,,,,,,1733200,,,,,,,,,,,,,,,,,,,11NOV2011:00:00:00,11NOV2011:00:00:00,,,,,,,,,,,,,,,,,,,,,,,,,,,,,,,,25.31,,,,,50304019,,,,,,,,,,,,,,,,,,,,,,0,,,,TB12,,1,N,,,,,,,,,,,,,,,,,,,,,,,,DPDSCH,2,,,,,,BRANCH,11NOV2011:00:00:00,,NONE,,,,,,0,,,,,,,,,02OCT2007:00:00:00,,MIGMKR,31JAN2019:00:00:00,MIGAUTH,01OCT2007:16:16:07,A,S,N,N,,,,,,,,,,,,,,,,0,Y,,,,INSPL1,,,01NOV2007:00:00:00,,,,,,27,,Y,R,,,,,,,,,,,N,,,,,,10000105,I,,,N,N,,,,,0,BR0001,2,BR0001,2,,N,52000000,,0,,,,,,,,,,,,,,,,,,,,,,,,,7.0928E+14,,,52000000,,,4095,TB6,TB12,**WWWWWWWWWWWWWWWWWWWWWW,,,31JAN2019:00:00:00,,,,,,,,,,,,0,,,,,,,,,,,,,,,50304019,01OCT2007:00:00:00,1733200,,0,,01OCT2011:00:00:00,,,,,,16-Dec-20
1020,164,1,1,R,FTKSFN,,FTKSFN,FTKSFN,04OCT2007:00:00:00,VND,T,05JUN2008:00:00:00,12,04JUN2008:00:00:00,,,U,6290000,OTC,,E,PFRMON,0,,,0,,E,04OCT2007:00:00:00,,,12,,,,,,,,,,,,,,,,,,,,,,,,,,,,,,,,,,,,,,,N,,,,,0,1048333.34,0,524166.67,,,,,,VND,,,,05JUN2008:00:00:00,,0,,,,,,,,,,,524166.67,,,,,,,,,,,,,,,,,,,,,,,,,,,,,,,,,,,,,,,,,,,,,,,,,,,,0,,,,,50203015,0,,,,,,,,,,,,,,,,,,,,,,,,,REGLR,,1,N,,,,,,,,,,,,,,,,,,,,,,,,DPDSCH,2,,,,,,BRANCH,,,NONE,,,,,,,,,,,,,,,04OCT2007:00:00:00,,MIGMKR,31JAN2019:00:00:00,MIGAUTH,04OCT2007:11:37:59,C,S,N,N,,,,,,,,,,,,,,,,0,Y,,,,FTKSFN,,,04OCT2007:00:00:00,,,,,,0,,Y,R,,,,,,,,,,,N,,,,,,10000173,I,,,N,N,,,,,2,BR0001,2,BR0001,2,,N,6290000,,0,,,,,,,,,,,,,,,,,,,,,,,,,7.1003E+14,,,6290000,,,0,REGLR,,,,,31JAN2019:00:00:00,,,,,,,,,,,,0,,,,,,,,,,,,,,,502030150,04OCT2007:00:00:00,524166.67,N,0,,05JUN2008:00:00:00,,,,,0,16-Dec-20
1021,165,1,1,R,FTKSFN,,FTKSFN,FTKSFN,04OCT2007:00:00:00,VND,T,05JUN2008:00:00:00,12,04JUN2008:00:00:00,,,U,9690000,OTC,,E,PFRMON,0,,,0,,E,04OCT2007:00:00:00,,,12,,,,,,,,,,,,,,,,,,,,,,,,,,,,,,,,,,,,,,,N,,,,,0,1615000,0,807500,,,,,,VND,,,,05JUN2008:00:00:00,,0,,,,,,,,,,,807500,,,,,,,,,,,,,,,,,,,,,,,,,,,,,,,,,,,,,,,,,,,,,,,,,,,,0,,,,,10310019,0,,,,,,,,,,,,,,,,,,,,,,,,,REGLR,,1,N,,,,,,,,,,,,,,,,,,,,,,,,DPDSCH,2,,,,,,BRANCH,,,NONE,,,,,,,,,,,,,,,04OCT2007:00:00:00,,MIGMKR,31JAN2019:00:00:00,MIGAUTH,04OCT2007:11:39:19,C,S,N,N,,,,,,,,,,,,,,,,0,Y,,,,FTKSFN,,,04OCT2007:00:00:00,,,,,,0,,Y,R,,,,,,,,,,,N,,,,,,10000174,I,,,N,N,,,,,2,BR0001,2,BR0001,2,,N,9690000,,0,,,,,,,,,,,,,,,,,,,,,,,,,7.1003E+14,,,9690000,,,0,REGLR,,,,,31JAN2019:00:00:00,,,,,,,,,,,,0,,,,,,,,,,,,,,,103100190,04OCT2007:00:00:00,807500,N,0,,05JUN2008:00:00:00,,,,,0,16-Dec-20
1022,168,1,1,R,FTKSFN,,FTKSFN,FTKSFN,04OCT2007:00:00:00,VND,T,05JUN2008:00:00:00,12,04JUN2008:00:00:00,,,U,4990000,OTC,,E,PFRMON,0,,,0,,E,04OCT2007:00:00:00,,,12,,,,,,,,,,,,,,,,,,,,,,,,,,,,,,,,,,,,,,,N,,,,,0,831666.68,0,415833.34,,,,,,VND,,,,05JUN2008:00:00:00,,0,,,,,,,,,,,415833.34,,,,,,,,,,,,,,,,,,,,,,,,,,,,,,,,,,,,,,,,,,,,,,,,,,,,0,,,,,10310019,0,,,,,,,,,,,,,,,,,,,,,,,,,REGLR,,1,N,,,,,,,,,,,,,,,,,,,,,,,,DPDSCH,2,,,,,,BRANCH,,,NONE,,,,,,,,,,,,,,,04OCT2007:00:00:00,,MIGMKR,31JAN2019:00:00:00,MIGAUTH,04OCT2007:11:43:58,C,S,N,N,,,,,,,,,,,,,,,,0,Y,,,,FTKSFN,,,04OCT2007:00:00:00,,,,,,0,,Y,R,,,,,,,,,,,N,,,,,,10000177,I,,,N,N,,,,,2,BR0001,2,BR0001,2,,N,4990000,,0,,,,,,,,,,,,,,,,,,,,,,,,,7.1003E+14,,,4990000,,,0,REGLR,,,,,31JAN2019:00:00:00,,,,,,,,,,,,0,,,,,,,,,,,,,,,103100190,04OCT2007:00:00:00,415833.34,N,0,,05JUN2008:00:00:00,,,,,0,16-Dec-20
1023,169,1,1,R,FTKSFN,,FTKSFN,FTKSFN,08OCT2007:00:00:00,VND,T,01JUL2008:00:00:00,12,30JUN2008:00:00:00,,,U,4850000,OTC,,E,PFRMON,0,,,0,,E,08OCT2007:00:00:00,,,12,,,,,,,,,,,,,,,,,,,,,,,,,,,,,,,,,,,,,,,N,,,,,0,808333.34,0,404166.67,,,,,,VND,,,,01JUL2008:00:00:00,,0,,,,,,,,,,,404166.67,,,,,,,,,,,,,,,,,,,,,,,,,,,,,,,,,,,,,,,,,,,,,,,,,,,,0,,,,,10310019,0,,,,,,,,,,,,,,,,,,,,,,,,,REGLR,,1,N,,,,,,,,,,,,,,,,,,,,,,,,DPDSCH,2,,,,,,BRANCH,,,NONE,,,,,,,,,,,,,,,08OCT2007:00:00:00,,MIGMKR,31JAN2019:00:00:00,MIGAUTH,08OCT2007:14:12:54,C,S,N,N,,,,,,,,,,,,,,,,0,Y,,,,FTKSFN,,,08OCT2007:00:00:00,,,,,,0,,Y,R,,,,,,,,,,,N,,,,,,10000178,I,,,N,N,,,,,2,BR0001,2,BR0001,2,,N,4850000,,0,,,,,,,,,,,,,,,,,,,,,,,,,7.1003E+14,,,4850000,,,0,REGLR,,,,,31JAN2019:00:00:00,,,,,,,,,,,,0,,,,,,,,,,,,,,,103100190,08OCT2007:00:00:00,404166.67,N,0,,01JUL2008:00:00:00,,,,,0,16-Dec-20
1024,170,1,1,R,FTKSFN,,FTKSFN,FTKSFN,04OCT2007:00:00:00,VND,T,05JUN2008:00:00:00,12,04JUN2008:00:00:00,,,U,4990000,OTC,,E,PFRMON,0,,,0,,E,04OCT2007:00:00:00,,,12,,,,,,,,,,,,,,,,,,,,,,,,,,,,,,,,,,,,,,,N,,,,,0,831666.68,0,415833.34,,,,,,VND,,,,05JUN2008:00:00:00,,0,,,,,,,,,,,415833.34,,,,,,,,,,,,,,,,,,,,,,,,,,,,,,,,,,,,,,,,,,,,,,,,,,,,0,,,,,50307015,80078,,,,,,,,,,,,,,,,,,,,,,,,,REGLR,,1,N,,,,,,,,,,,,,,,,,,,,,,,,DPDSCH,2,,,,,,BRANCH,,,NONE,,,,,,,,,,,,,,,04OCT2007:00:00:00,,MIGMKR,31JAN2019:00:00:00,MIGAUTH,04OCT2007:11:45:33,C,S,N,N,,,,,,,,,,,,,,,,0,Y,,,,FTKSFN,,,04OCT2007:00:00:00,,,,,,0,,Y,R,,,,,,,,,,,N,,,,,,10000179,I,,,N,N,,,,,2,BR0001,2,BR0001,2,,N,4990000,,0,,,,,,,,,,,,,,,,,,,,,,,,,7.1003E+14,,,4990000,,,0,REGLR,,,,,31JAN2019:00:00:00,,,,,,,,,,,,0,,,,,,,,,,,,,,,5.0307E+12,04OCT2007:00:00:00,415833.34,N,0,,05JUN2008:00:00:00,,,,,0,16-Dec-20
1025,171,1,1,R,FTKSFN,,FTKSFN,FTKSFN,04OCT2007:00:00:00,VND,T,05JUN2008:00:00:00,12,04JUN2008:00:00:00,,,U,4090000,OTC,,E,PFRMON,0,,,0,,E,04OCT2007:00:00:00,,,12,,,,,,,,,,,,,,,,,,,,,,,,,,,,,,,,,,,,,,,N,,,,,0,681666.68,0,340833.34,,,,,,VND,,,,04JAN2008:00:00:00,,0,,,,,,,,,,,340833.34,,,,,,,,,,,,,,,,,,,,,,,,,,,,,,,,,,,,,,,,,,,,,,,,,,,,0,,,,,50307015,25556229,,,,,,,,,,,,,,,,,,,,,,,,,REGLR,,1,N,,,,,,,,,,,,,,,,,,,,,,,,DPDSCH,2,,,,,,BRANCH,,,NONE,,,,,,,,,,,,,,,04OCT2007:00:00:00,,MIGMKR,31JAN2019:00:00:00,MIGAUTH,04OCT2007:11:46:43,C,S,N,N,,,,,,,,,,,,,,,,0,Y,,,,FTKSFN,,,04OCT2007:00:00:00,,,,,,6,,Y,R,,,,,,,,,,,N,,,,,,10000180,I,,,N,N,,,,,2,BR0001,2,BR0001,2,,N,4090000,,0,,,,,,,,,,,,,,,,,,,,,,,,,7.1003E+14,,,4090000,,,0,REGLR,,,,,31JAN2019:00:00:00,,,,,,,,,,,,0,,,,,,,,,,,,,,,5.0307E+15,04OCT2007:00:00:00,340833.34,N,0,,04JAN2008:00:00:00,,,,,0,16-Dec-20
1026,197,1,1,R,SALPL1,,SALPL1,SALPL1,09OCT2007:00:00:00,VND,T,01OCT2010:00:00:00,36,30SEP2010:00:00:00,,,U,50000000,OTC,,E,PFRMON,0,,,0,,E,01NOV2007:00:00:00,,,36,,,,,,,,,,,,,,,,,,,,,,,,,,,,,,,,,,,,,,,N,,,,,0,,0,1988800,,,,,,VND,,,,21MAY2010:00:00:00,,0,,,,,,,,,,,1988800,,,,,,,,,,,,,,,,,,,,,,,,,,,,,,,,,,,,,,,,,,,,,,,,,,,,25.03,,,,,50203015,71001278558,,,,,,,,,,,,,,,,,,,,,,,,,REGLR,,1,N,,,,,,,,,,,,,,,,,,,,,,,,DPDSCH,2,,,,,,BRANCH,,,NONE,,,,,,,,,,,,,,,09OCT2007:00:00:00,,MIGMKR,31JAN2019:00:00:00,MIGAUTH,09OCT2007:10:57:56,C,S,N,N,,,,,,,,,,,,,,,,0,Y,,,,SALPL1,,,01NOV2007:00:00:00,,,,,,5,,Y,R,,,,,,,,,,,N,,,,,,10000206,I,,,N,N,,,,,0,BR0001,2,BR0001,2,,N,50000000,,0,,,,,,,,,,,,,,,,,,,,,,,,,7.1004E+14,,,50000000,,,0,REGLR,,,,,31JAN2019:00:00:00,,,,,,,,,,,,0,,,,,,,,,,,,,,,5.0203E+20,09OCT2007:00:00:00,1988800,N,0,,21MAY2010:00:00:00,,,,,0,16-Dec-20
1027,203,1,1,R,SALPL1,,SALPL1,SALPL1,04OCT2007:00:00:00,VND,T,01OCT2009:00:00:00,24,30SEP2009:00:00:00,,,U,36000000,OTC,,E,PFRMON,0,,,0,,E,01NOV2007:00:00:00,,,24,,,,,,,,,,,,,,,,,,,,,,,,,,,,,,,,,,,,,,,N,,,,,0,0,0,1989600,,,,,,VND,,,,,,0,,,,,,,,,,,1989600,,,,,,,,,,,,,,,,,,,11NOV2011:00:00:00,11NOV2011:00:00:00,,,,,,,,,,,,,,,,,,,,,,,,,,,,,,,,28.74,,,,,50309024,,,,,,,,,,,,,,,,,,,,,,0,,,,TB12,,1,N,,,,,,,,,,,,,,,,,,,,,,,,DPDSCH,2,,,,,,BRANCH,11NOV2011:00:00:00,,NONE,,,,,,0,,,,,,,,,15OCT2007:00:00:00,,MIGMKR,31JAN2019:00:00:00,MIGAUTH,12OCT2007:17:15:32,A,S,N,N,,,,,,,,,,,,,,,,0,Y,,,,SALPL1,,,01NOV2007:00:00:00,,,,,,18,,Y,R,,,,,,,,,,,N,,,,,,10000212,I,,,N,N,,,,,0,BR0001,2,BR0001,2,,N,36000000,,0,,,,,,,,,,,,,,,,,,,,,,,,,7.1004E+14,,,36000000,,,4545,TB6,TB12,**WWWWWWWWWWWWWWWWWWWWWW,,,31JAN2019:00:00:00,,,,,,,,,,,,0,,,,,,,,,,,,,,,50309024,12OCT2007:00:00:00,1989600,,0,,01OCT2009:00:00:00,,,,,,16-Dec-20
1028,209,1,1,R,FTKSFN,,FTKSFN,FTKSFN,08OCT2007:00:00:00,VND,T,01JUL2008:00:00:00,12,30JUN2008:00:00:00,,,U,6090000,OTC,,E,PFRMON,0,,,0,,E,08OCT2007:00:00:00,,,12,,,,,,,,,,,,,,,,,,,,,,,,,,,,,,,,,,,,,,,N,,,,,0,1015000,0,507500,,,,,,VND,,,,01JUL2008:00:00:00,,0,,,,,,,,,,,507500,,,,,,,,,,,,,,,,,,,,,,,,,,,,,,,,,,,,,,,,,,,,,,,,,,,,0,,,,,50310014,0,,,,,,,,,,,,,,,,,,,,,,,,,REGLR,,1,N,,,,,,,,,,,,,,,,,,,,,,,,DPDSCH,2,,,,,,BRANCH,,,NONE,,,,,,,,,,,,,,,08OCT2007:00:00:00,,MIGMKR,31JAN2019:00:00:00,MIGAUTH,08OCT2007:14:11:13,C,S,N,N,,,,,,,,,,,,,,,,0,Y,,,,FTKSFN,,,08OCT2007:00:00:00,,,,,,0,,Y,R,,,,,,,,,,,N,,,,,,10000218,I,,,N,N,,,,,2,BR0001,2,BR0001,2,,N,6090000,,0,,,,,,,,,,,,,,,,,,,,,,,,,7.1005E+14,,,6090000,,,0,REGLR,,,,,31JAN2019:00:00:00,,,,,,,,,,,,0,,,,,,,,,,,,,,,503100140,08OCT2007:00:00:00,507500,N,0,,01JUL2008:00:00:00,,,,,0,16-Dec-20
1029,210,1,1,R,FTKSFN,,FTKSFN,FTKSFN,08OCT2007:00:00:00,VND,T,01JUL2008:00:00:00,12,30JUN2008:00:00:00,,,U,4850000,OTC,,E,PFRMON,0,,,0,,E,08OCT2007:00:00:00,,,12,,,,,,,,,,,,,,,,,,,,,,,,,,,,,,,,,,,,,,,N,,,,,0,808333.34,0,404166.67,,,,,,VND,,,,01JUL2008:00:00:00,,0,,,,,,,,,,,404166.67,,,,,,,,,,,,,,,,,,,,,,,,,,,,,,,,,,,,,,,,,,,,,,,,,,,,0,,,,,50310014,0,,,,,,,,,,,,,,,,,,,,,,,,,REGLR,,1,N,,,,,,,,,,,,,,,,,,,,,,,,DPDSCH,2,,,,,,BRANCH,,,NONE,,,,,,,,,,,,,,,08OCT2007:00:00:00,,MIGMKR,31JAN2019:00:00:00,MIGAUTH,08OCT2007:14:16:13,C,S,N,N,,,,,,,,,,,,,,,,0,Y,,,,FTKSFN,,,08OCT2007:00:00:00,,,,,,0,,Y,R,,,,,,,,,,,N,,,,,,10000219,I,,,N,N,,,,,2,BR0001,2,BR0001,2,,N,4850000,,0,,,,,,,,,,,,,,,,,,,,,,,,,7.1005E+14,,,4850000,,,0,REGLR,,,,,31JAN2019:00:00:00,,,,,,,,,,,,0,,,,,,,,,,,,,,,503100140,08OCT2007:00:00:00,404166.67,N,0,,01JUL2008:00:00:00,,,,,0,16-Dec-20
1030,211,1,1,R,FTKSFN,,FTKSFN,FTKSFN,08OCT2007:00:00:00,VND,T,01JUL2008:00:00:00,12,30JUN2008:00:00:00,,,U,4450000,OTC,,E,PFRMON,0,,,0,,E,08OCT2007:00:00:00,,,12,,,,,,,,,,,,,,,,,,,,,,,,,,,,,,,,,,,,,,,N,,,,,0,741666.68,0,370833.34,,,,,,VND,,,,01JUL2008:00:00:00,,0,,,,,,,,,,,370833.34,,,,,,,,,,,,,,,,,,,,,,,,,,,,,,,,,,,,,,,,,,,,,,,,,,,,0,,,,,10310019,0,,,,,,,,,,,,,,,,,,,,,,,,,REGLR,,1,N,,,,,,,,,,,,,,,,,,,,,,,,DPDSCH,2,,,,,,BRANCH,,,NONE,,,,,,,,,,,,,,,08OCT2007:00:00:00,,MIGMKR,31JAN2019:00:00:00,MIGAUTH,08OCT2007:14:14:26,C,S,N,N,,,,,,,,,,,,,,,,0,Y,,,,FTKSFN,,,08OCT2007:00:00:00,,,,,,0,,Y,R,,,,,,,,,,,N,,,,,,10000220,I,,,N,N,,,,,2,BR0001,2,BR0001,2,,N,4450000,,0,,,,,,,,,,,,,,,,,,,,,,,,,7.1005E+14,,,4450000,,,0,REGLR,,,,,31JAN2019:00:00:00,,,,,,,,,,,,0,,,,,,,,,,,,,,,103100190,08OCT2007:00:00:00,370833.34,N,0,,01JUL2008:00:00:00,,,,,0,16-Dec-20
1031,212,1,1,R,FTKSFN,,FTKSFN,FTKSFN,08OCT2007:00:00:00,VND,T,01JUL2008:00:00:00,12,30JUN2008:00:00:00,,,U,5150000,OTC,,E,PFRMON,0,,,0,,E,08OCT2007:00:00:00,,,12,,,,,,,,,,,,,,,,,,,,,,,,,,,,,,,,,,,,,,,N,,,,,0,858333.34,0,429166.67,,,,,,VND,,,,01JUL2008:00:00:00,,0,,,,,,,,,,,429166.67,,,,,,,,,,,,,,,,,,,,,,,,,,,,,,,,,,,,,,,,,,,,,,,,,,,,0,,,,,50307015,24691359,,,,,,,,,,,,,,,,,,,,,,,,,REGLR,,1,N,,,,,,,,,,,,,,,,,,,,,,,,DPDSCH,2,,,,,,BRANCH,,,NONE,,,,,,,,,,,,,,,08OCT2007:00:00:00,,MIGMKR,31JAN2019:00:00:00,MIGAUTH,08OCT2007:14:09:15,C,S,N,N,,,,,,,,,,,,,,,,0,Y,,,,FTKSFN,,,08OCT2007:00:00:00,,,,,,0,,Y,R,,,,,,,,,,,N,,,,,,10000221,I,,,N,N,,,,,2,BR0001,2,BR0001,2,,N,5150000,,0,,,,,,,,,,,,,,,,,,,,,,,,,7.1005E+14,,,5150000,,,0,REGLR,,,,,31JAN2019:00:00:00,,,,,,,,,,,,0,,,,,,,,,,,,,,,5.0307E+15,08OCT2007:00:00:00,429166.67,N,0,,01JUL2008:00:00:00,,,,,0,16-Dec-20
1032,213,1,1,R,FTKSFN,,FTKSFN,FTKSFN,08OCT2007:00:00:00,VND,T,01JUL2008:00:00:00,12,30JUN2008:00:00:00,,,U,4990000,OTC,,E,PFRMON,0,,,0,,E,08OCT2007:00:00:00,,,12,,,,,,,,,,,,,,,,,,,,,,,,,,,,,,,,,,,,,,,N,,,,,0,831666.68,0,415833.34,,,,,,VND,,,,01JUL2008:00:00:00,,0,,,,,,,,,,,415833.34,,,,,,,,,,,,,,,,,,,,,,,,,,,,,,,,,,,,,,,,,,,,,,,,,,,,0,,,,,10310019,0,,,,,,,,,,,,,,,,,,,,,,,,,REGLR,,1,N,,,,,,,,,,,,,,,,,,,,,,,,DPDSCH,2,,,,,,BRANCH,,,NONE,,,,,,,,,,,,,,,08OCT2007:00:00:00,,MIGMKR,31JAN2019:00:00:00,MIGAUTH,08OCT2007:14:07:24,C,S,N,N,,,,,,,,,,,,,,,,0,Y,,,,FTKSFN,,,08OCT2007:00:00:00,,,,,,0,,Y,R,,,,,,,,,,,N,,,,,,10000222,I,,,N,N,,,,,2,BR0001,2,BR0001,2,,N,4990000,,0,,,,,,,,,,,,,,,,,,,,,,,,,7.1005E+14,,,4990000,,,0,REGLR,,,,,31JAN2019:00:00:00,,,,,,,,,,,,0,,,,,,,,,,,,,,,103100190,08OCT2007:00:00:00,415833.34,N,0,,01JUL2008:00:00:00,,,,,0,16-Dec-20
1033,215,1,1,R,FTKSFN,,FTKSFN,FTKSFN,08OCT2007:00:00:00,VND,T,01JUL2008:00:00:00,12,30JUN2008:00:00:00,,,U,4250000,OTC,,E,PFRMON,0,,,0,,E,08OCT2007:00:00:00,,,12,,,,,,,,,,,,,,,,,,,,,,,,,,,,,,,,,,,,,,,N,,,,,0,708333.34,0,354166.67,,,,,,VND,,,,18FEB2008:00:00:00,,0,,,,,,,,,,,354166.67,,,,,,,,,,,,,,,,,,,,,,,,,,,,,,,,,,,,,,,,,,,,,,,,,,,,0,,,,,50310014,0,,,,,,,,,,,,,,,,,,,,,,,,,REGLR,,1,N,,,,,,,,,,,,,,,,,,,,,,,,DPDSCH,2,,,,,,BRANCH,,,NONE,,,,,,,,,,,,,,,08OCT2007:00:00:00,,MIGMKR,31JAN2019:00:00:00,MIGAUTH,08OCT2007:14:05:17,C,S,N,N,,,,,,,,,,,,,,,,0,Y,,,,FTKSFN,,,08OCT2007:00:00:00,,,,,,5,,Y,R,,,,,,,,,,,N,,,,,,10000224,I,,,N,N,,,,,2,BR0001,2,BR0001,2,,N,4250000,,0,,,,,,,,,,,,,,,,,,,,,,,,,7.1005E+14,,,4250000,,,0,REGLR,,,,,31JAN2019:00:00:00,,,,,,,,,,,,0,,,,,,,,,,,,,,,503100140,08OCT2007:00:00:00,354166.67,N,0,,18FEB2008:00:00:00,,,,,0,16-Dec-20
1034,218,1,1,R,FTKSFN,,FTKSFN,FTKSFN,08OCT2007:00:00:00,VND,T,01JUL2008:00:00:00,12,30JUN2008:00:00:00,,,U,5750000,OTC,,E,PFRMON,0,,,0,,E,08OCT2007:00:00:00,,,12,,,,,,,,,,,,,,,,,,,,,,,,,,,,,,,,,,,,,,,N,,,,,0,958333.34,0,479166.67,,,,,,VND,,,,01JUL2008:00:00:00,,0,,,,,,,,,,,479166.67,,,,,,,,,,,,,,,,,,,,,,,,,,,,,,,,,,,,,,,,,,,,,,,,,,,,0,,,,,50303018,40901021214,,,,,,,,,,,,,,,,,,,,,,,,,REGLR,,1,N,,,,,,,,,,,,,,,,,,,,,,,,DPDSCH,2,,,,,,BRANCH,,,NONE,,,,,,,,,,,,,,,08OCT2007:00:00:00,,MIGMKR,31JAN2019:00:00:00,MIGAUTH,08OCT2007:14:01:33,C,S,N,N,,,,,,,,,,,,,,,,0,Y,,,,FTKSFN,,,08OCT2007:00:00:00,,,,,,0,,Y,R,,,,,,,,,,,N,,,,,,10000227,I,,,N,N,,,,,2,BR0001,2,BR0001,2,,N,5750000,,0,,,,,,,,,,,,,,,,,,,,,,,,,7.1005E+14,,,5750000,,,0,REGLR,,,,,31JAN2019:00:00:00,,,,,,,,,,,,0,,,,,,,,,,,,,,,5.0303E+19,08OCT2007:00:00:00,479166.67,N,0,,01JUL2008:00:00:00,,,,,0,16-Dec-20
1035,219,1,1,R,FTKSFN,,FTKSFN,FTKSFN,08OCT2007:00:00:00,VND,T,01JUL2008:00:00:00,12,30JUN2008:00:00:00,,,U,4160000,OTC,,E,PFRMON,0,,,0,,E,08OCT2007:00:00:00,,,12,,,,,,,,,,,,,,,,,,,,,,,,,,,,,,,,,,,,,,,N,,,,,0,693333.34,0,346666.67,,,,,,VND,,,,01JUL2008:00:00:00,,0,,,,,,,,,,,346666.67,,,,,,,,,,,,,,,,,,,,,,,,,,,,,,,,,,,,,,,,,,,,,,,,,,,,0,,,,,50203015,71001042925,,,,,,,,,,,,,,,,,,,,,,,,,REGLR,,1,N,,,,,,,,,,,,,,,,,,,,,,,,DPDSCH,2,,,,,,BRANCH,,,NONE,,,,,,,,,,,,,,,08OCT2007:00:00:00,,MIGMKR,31JAN2019:00:00:00,MIGAUTH,08OCT2007:14:03:30,C,S,N,N,,,,,,,,,,,,,,,,0,Y,,,,FTKSFN,,,08OCT2007:00:00:00,,,,,,0,,Y,R,,,,,,,,,,,N,,,,,,10000228,I,,,N,N,,,,,2,BR0001,2,BR0001,2,,N,4160000,,0,,,,,,,,,,,,,,,,,,,,,,,,,7.1005E+14,,,4160000,,,0,REGLR,,,,,31JAN2019:00:00:00,,,,,,,,,,,,0,,,,,,,,,,,,,,,5.0203E+20,08OCT2007:00:00:00,346666.67,N,0,,01JUL2008:00:00:00,,,,,0,16-Dec-20
1036,220,1,1,R,CORPL1,,CORPL1,CORPL1,10OCT2007:00:00:00,VND,T,01OCT2011:00:00:00,48,30SEP2011:00:00:00,,,U,70000000,OTC,,E,PFRMON,0,,,0,,E,01NOV2007:00:00:00,,,48,,,,,,,,,,,,,,,,,,,,,,,,,,,,,,,,,,,,,,,N,,,,,0,,0,2158200,,,,,,VND,,,,01OCT2011:00:00:00,,0,,,,,,,,,,,2158200,,,,,,,,,,,,,,,,,,,,,,,,,,,,,,,,,,,,,,,,,,,,,,,,,,,,20.75,,,,,79307001,248759,,,,,,,,,,,,,,,,,,,,,,,,,REGLR,,1,N,,,,,,,,,,,,,,,,,,,,,,,,DPDSC1,2,,,,,,BRANCH,,,NONE,,,,,,,,,,,,,,,10OCT2007:00:00:00,,MIGMKR,31JAN2019:00:00:00,MIGAUTH,10OCT2007:14:49:19,C,S,N,N,,,,,,,,,,,,,,,,0,Y,,,,CORPL1,,,01NOV2007:00:00:00,,,,,,0,,Y,R,,,,,,,,,,,N,,,,,,10000229,I,,,N,N,,,,,0,BR0001,2,BR0001,2,,N,70000000,,0,,,,,,,,,,,,,,,,,,,,,,,,,7.1005E+14,,,70000000,,,0,REGLR,,,,,31JAN2019:00:00:00,,,,,,,,,,,,0,,,,,,,,,,,,,,,7.9307E+13,10OCT2007:00:00:00,2158200,N,0,,01OCT2011:00:00:00,,,,,0,16-Dec-20
1037,221,1,1,R,SALPL1,,SALPL1,SALPL1,07NOV2007:00:00:00,VND,T,01NOV2010:00:00:00,36,31OCT2010:00:00:00,,,U,33000000,OTC,,E,PFRMON,0,,,0,,E,01DEC2007:00:00:00,,,36,,,,,,,,,,,,,,,,,,,,,,,,,,,,,,,,,,,,,,,N,,,,,0,,0,1365400,,,,,,VND,,,,01NOV2010:00:00:00,,0,,,,,,,,,,,1365400,,,,,,,,,,,,,,,,,,,,,,,,,,,,,,,,,,,,,,,,,,,,,,,,,,,,28.02,,,,,50305011,2.00015E+14,,,,,,,,,,,,,,,,,,,,,,,,,REGLR,,1,N,,,,,,,,,,,,,,,,,,,,,,,,DPDSCH,2,,,,,,BRANCH,,,NONE,,,,,,,,,,,,,,,08NOV2007:00:00:00,,MIGMKR,31JAN2019:00:00:00,MIGAUTH,07NOV2007:16:40:47,C,S,N,N,,,,,,,,,,,,,,,,0,Y,,,,SALPL1,,,01DEC2007:00:00:00,,,,,,0,,Y,R,,,,,,,,,,,N,,,,,,10000230,I,,,N,N,,,,,0,BR0001,2,BR0001,2,,N,33000000,,0,,,,,,,,,,,,,,,,,,,,,,,,,7.1005E+14,,,33000000,,,0,REGLR,,,,,31JAN2019:00:00:00,,,,,,,,,,,,0,,,,,,,,,,,,,,,5.0305E+22,07NOV2007:00:00:00,1365400,N,0,,01NOV2010:00:00:00,,,,,0,16-Dec-20
1038,222,1,1,R,CORPL1,,CORPL1,CORPL1,10OCT2007:00:00:00,VND,T,01OCT2011:00:00:00,48,30SEP2011:00:00:00,,,U,100000000,OTC,,E,PFRMON,0,,,0,,E,01NOV2007:00:00:00,,,48,,,,,,,,,,,,,,,,,,,,,,,,,,,,,,,,,,,,,,,N,,,,,0,,0,3083200,,,,,,VND,,,,03JAN2008:00:00:00,,0,,,,,,,,,,,3083200,,,,,,,,,,,,,,,,,,,,,,,,,,,,,,,,,,,,,,,,,,,,,,,,,,,,20.75,,,,,50503013,23807028324,,,,,,,,,,,,,,,,,,,,,,,,,REGLR,,1,N,,,,,,,,,,,,,,,,,,,,,,,,DPDSC1,2,,,,,,BRANCH,,,NONE,,,,,,,,,,,,,,,10OCT2007:00:00:00,,MIGMKR,31JAN2019:00:00:00,MIGAUTH,10OCT2007:15:26:24,C,S,N,N,,,,,,,,,,,,,,,,0,Y,,,,CORPL1,,,01NOV2007:00:00:00,,,,,,45,,Y,R,,,,,,,,,,,N,,,,,,10000231,I,,,N,N,,,,,0,BR0001,2,BR0001,2,,N,100000000,,0,,,,,,,,,,,,,,,,,,,,,,,,,7.1005E+14,,,100000000,,,2,REGLR,,,,,31JAN2019:00:00:00,,,,,,,,,,,,0,,,,,,,,,,,,,,,5.0503E+18,10OCT2007:00:00:00,3083200,N,0,,03JAN2008:00:00:00,,,,,0,16-Dec-20
1039,227,1,1,R,FTKSFN,,FTKSFN,FTKSFN,05OCT2007:00:00:00,VND,T,01JUL2008:00:00:00,12,30JUN2008:00:00:00,,,U,5790000,OTC,,E,PFRMON,0,,,0,,E,05OCT2007:00:00:00,,,12,,,,,,,,,,,,,,,,,,,,,,,,,,,,,,,,,,,,,,,N,,,,,0,965000,0,482500,,,,,,VND,,,,01JUL2008:00:00:00,,0,,,,,,,,,,,482500,,,,,,,,,,,,,,,,,,,,,,,,,,,,,,,,,,,,,,,,,,,,,,,,,,,,0,,,,,10310019,0,,,,,,,,,,,,,,,,,,,,,,,,,REGLR,,1,N,,,,,,,,,,,,,,,,,,,,,,,,DPDSCH,2,,,,,,BRANCH,,,NONE,,,,,,,,,,,,,,,05OCT2007:00:00:00,,MIGMKR,31JAN2019:00:00:00,MIGAUTH,05OCT2007:21:14:13,C,S,N,N,,,,,,,,,,,,,,,,0,Y,,,,FTKSFN,,,05OCT2007:00:00:00,,,,,,0,,Y,R,,,,,,,,,,,N,,,,,,10000236,I,,,N,N,,,,,2,BR0001,2,BR0001,2,,N,5790000,,0,,,,,,,,,,,,,,,,,,,,,,,,,7.1005E+14,,,5790000,,,0,REGLR,,,,,31JAN2019:00:00:00,,,,,,,,,,,,0,,,,,,,,,,,,,,,103100190,05OCT2007:00:00:00,482500,N,0,,01JUL2008:00:00:00,,,,,0,16-Dec-20
1040,229,1,1,R,FTKSFN,,FTKSFN,FTKSFN,05OCT2007:00:00:00,VND,T,01JUL2008:00:00:00,12,30JUN2008:00:00:00,,,U,8511000,OTC,,E,PFRMON,0,,,0,,E,05OCT2007:00:00:00,,,12,,,,,,,,,,,,,,,,,,,,,,,,,,,,,,,,,,,,,,,N,,,,,0,1418500,0,709250,,,,,,VND,,,,01JUL2008:00:00:00,,0,,,,,,,,,,,709250,,,,,,,,,,,,,,,,,,,,,,,,,,,,,,,,,,,,,,,,,,,,,,,,,,,,0,,,,,50303018,1.44901E+11,,,,,,,,,,,,,,,,,,,,,,,,,REGLR,,1,N,,,,,,,,,,,,,,,,,,,,,,,,DPDSCH,2,,,,,,BRANCH,,,NONE,,,,,,,,,,,,,,,05OCT2007:00:00:00,,MIGMKR,31JAN2019:00:00:00,MIGAUTH,05OCT2007:21:18:12,C,S,N,N,,,,,,,,,,,,,,,,0,Y,,,,FTKSFN,,,05OCT2007:00:00:00,,,,,,0,,Y,R,,,,,,,,,,,N,,,,,,10000238,I,,,N,N,,,,,2,BR0001,2,BR0001,2,,N,8511000,,0,,,,,,,,,,,,,,,,,,,,,,,,,7.1005E+14,,,8511000,,,0,REGLR,,,,,31JAN2019:00:00:00,,,,,,,,,,,,0,,,,,,,,,,,,,,,5.0303E+19,05OCT2007:00:00:00,709250,N,0,,01JUL2008:00:00:00,,,,,0,16-Dec-20
1041,231,1,1,R,FTKSFN,,FTKSFN,FTKSFN,05OCT2007:00:00:00,VND,T,01JUL2008:00:00:00,12,30JUN2008:00:00:00,,,U,5490000,OTC,,E,PFRMON,0,,,0,,E,05OCT2007:00:00:00,,,12,,,,,,,,,,,,,,,,,,,,,,,,,,,,,,,,,,,,,,,N,,,,,0,915000,0,457500,,,,,,VND,,,,01JUL2008:00:00:00,,0,,,,,,,,,,,457500,,,,,,,,,,,,,,,,,,,,,,,,,,,,,,,,,,,,,,,,,,,,,,,,,,,,0,,,,,50307015,101913370,,,,,,,,,,,,,,,,,,,,,,,,,REGLR,,1,N,,,,,,,,,,,,,,,,,,,,,,,,DPDSCH,2,,,,,,BRANCH,,,NONE,,,,,,,,,,,,,,,05OCT2007:00:00:00,,MIGMKR,31JAN2019:00:00:00,MIGAUTH,05OCT2007:21:21:09,C,S,N,N,,,,,,,,,,,,,,,,0,Y,,,,FTKSFN,,,05OCT2007:00:00:00,,,,,,0,,Y,R,,,,,,,,,,,N,,,,,,10000241,I,,,N,N,,,,,2,BR0001,2,BR0001,2,,N,5490000,,0,,,,,,,,,,,,,,,,,,,,,,,,,7.1005E+14,,,5490000,,,0,REGLR,,,,,31JAN2019:00:00:00,,,,,,,,,,,,0,,,,,,,,,,,,,,,5.0307E+17,05OCT2007:00:00:00,457500,N,0,,01JUL2008:00:00:00,,,,,0,16-Dec-20
1042,233,1,1,R,FTKSFN,,FTKSFN,FTKSFN,05OCT2007:00:00:00,VND,T,01JUL2008:00:00:00,12,30JUN2008:00:00:00,,,U,7990000,OTC,,E,PFRMON,0,,,0,,E,05OCT2007:00:00:00,,,12,,,,,,,,,,,,,,,,,,,,,,,,,,,,,,,,,,,,,,,N,,,,,0,1331666.68,0,665833.34,,,,,,VND,,,,01JUL2008:00:00:00,,0,,,,,,,,,,,665833.34,,,,,,,,,,,,,,,,,,,,,,,,,,,,,,,,,,,,,,,,,,,,,,,,,,,,0,,,,,50305011,1.00015E+14,,,,,,,,,,,,,,,,,,,,,,,,,REGLR,,1,N,,,,,,,,,,,,,,,,,,,,,,,,DPDSCH,2,,,,,,BRANCH,,,NONE,,,,,,,,,,,,,,,05OCT2007:00:00:00,,MIGMKR,31JAN2019:00:00:00,MIGAUTH,05OCT2007:21:37:57,C,S,N,N,,,,,,,,,,,,,,,,0,Y,,,,FTKSFN,,,05OCT2007:00:00:00,,,,,,0,,Y,R,,,,,,,,,,,N,,,,,,10000244,I,,,N,N,,,,,2,BR0001,2,BR0001,2,,N,7990000,,0,,,,,,,,,,,,,,,,,,,,,,,,,7.1005E+14,,,7990000,,,0,REGLR,,,,,31JAN2019:00:00:00,,,,,,,,,,,,0,,,,,,,,,,,,,,,5.0305E+22,05OCT2007:00:00:00,665833.34,N,0,,01JUL2008:00:00:00,,,,,0,16-Dec-20
1043,234,1,1,R,FTKSFN,,FTKSFN,FTKSFN,05OCT2007:00:00:00,VND,T,01JUL2008:00:00:00,12,30JUN2008:00:00:00,,,U,5590000,OTC,,E,PFRMON,0,,,0,,E,05OCT2007:00:00:00,,,12,,,,,,,,,,,,,,,,,,,,,,,,,,,,,,,,,,,,,,,N,,,,,0,931666.68,0,465833.34,,,,,,VND,,,,01JUL2008:00:00:00,,0,,,,,,,,,,,465833.34,,,,,,,,,,,,,,,,,,,,,,,,,,,,,,,,,,,,,,,,,,,,,,,,,,,,0,,,,,50304019,1.79201E+15,,,,,,,,,,,,,,,,,,,,,,,,,REGLR,,1,N,,,,,,,,,,,,,,,,,,,,,,,,DPDSCH,2,,,,,,BRANCH,,,NONE,,,,,,,,,,,,,,,05OCT2007:00:00:00,,MIGMKR,31JAN2019:00:00:00,MIGAUTH,05OCT2007:21:39:16,C,S,N,N,,,,,,,,,,,,,,,,0,Y,,,,FTKSFN,,,05OCT2007:00:00:00,,,,,,0,,Y,R,,,,,,,,,,,N,,,,,,10000245,I,,,N,N,,,,,2,BR0001,2,BR0001,2,,N,5590000,,0,,,,,,,,,,,,,,,,,,,,,,,,,7.1005E+14,,,5590000,,,0,REGLR,,,,,31JAN2019:00:00:00,,,,,,,,,,,,0,,,,,,,,,,,,,,,5.0304E+23,05OCT2007:00:00:00,465833.34,N,0,,01JUL2008:00:00:00,,,,,0,16-Dec-20
1044,235,1,1,R,FTKSFN,,FTKSFN,FTKSFN,08OCT2007:00:00:00,VND,T,01JUL2008:00:00:00,12,30JUN2008:00:00:00,,,U,6090000,OTC,,E,PFRMON,0,,,0,,E,08OCT2007:00:00:00,,,12,,,,,,,,,,,,,,,,,,,,,,,,,,,,,,,,,,,,,,,N,,,,,0,1015000,0,507500,,,,,,VND,,,,01JUL2008:00:00:00,,0,,,,,,,,,,,507500,,,,,,,,,,,,,,,,,,,,,,,,,,,,,,,,,,,,,,,,,,,,,,,,,,,,0,,,,,10310019,0,,,,,,,,,,,,,,,,,,,,,,,,,REGLR,,1,N,,,,,,,,,,,,,,,,,,,,,,,,DPDSCH,2,,,,,,BRANCH,,,NONE,,,,,,,,,,,,,,,08OCT2007:00:00:00,,MIGMKR,31JAN2019:00:00:00,MIGAUTH,08OCT2007:18:09:54,C,S,N,N,,,,,,,,,,,,,,,,0,Y,,,,FTKSFN,,,08OCT2007:00:00:00,,,,,,0,,Y,R,,,,,,,,,,,N,,,,,,10000243,I,,,N,N,,,,,2,BR0001,2,BR0001,2,,N,6090000,,0,,,,,,,,,,,,,,,,,,,,,,,,,7.1005E+14,,,6090000,,,0,REGLR,,,,,31JAN2019:00:00:00,,,,,,,,,,,,0,,,,,,,,,,,,,,,103100190,08OCT2007:00:00:00,507500,N,0,,01JUL2008:00:00:00,,,,,0,16-Dec-20
1045,237,1,1,R,FTKSFN,,FTKSFN,FTKSFN,05OCT2007:00:00:00,VND,T,01JUL2008:00:00:00,12,30JUN2008:00:00:00,,,U,6090000,OTC,,E,PFRMON,0,,,0,,E,05OCT2007:00:00:00,,,12,,,,,,,,,,,,,,,,,,,,,,,,,,,,,,,,,,,,,,,N,,,,,0,1015000,0,507500,,,,,,VND,,,,08APR2008:00:00:00,,0,,,,,,,,,,,507500,,,,,,,,,,,,,,,,,,,,,,,,,,,,,,,,,,,,,,,,,,,,,,,,,,,,0,,,,,50203015,0499001V,,,,,,,,,,,,,,,,,,,,,,,,,REGLR,,1,N,,,,,,,,,,,,,,,,,,,,,,,,DPDSCH,2,,,,,,BRANCH,,,NONE,,,,,,,,,,,,,,,05OCT2007:00:00:00,,MIGMKR,31JAN2019:00:00:00,MIGAUTH,05OCT2007:21:40:33,C,S,N,N,,,,,,,,,,,,,,,,0,Y,,,,FTKSFN,,,05OCT2007:00:00:00,,,,,,3,,Y,R,,,,,,,,,,,N,,,,,,10000247,I,,,N,N,,,,,2,BR0001,2,BR0001,2,,N,6090000,,0,,,,,,,,,,,,,,,,,,,,,,,,,7.1005E+14,,,6090000,,,0,REGLR,,,,,31JAN2019:00:00:00,,,,,,,,,,,,0,,,,,,,,,,,,,,,502030150499001V,05OCT2007:00:00:00,507500,N,0,,08APR2008:00:00:00,,,,,0,16-Dec-20
1046,239,1,1,R,FTKSFN,,FTKSFN,FTKSFN,05OCT2007:00:00:00,VND,T,01JUL2008:00:00:00,12,30JUN2008:00:00:00,,,U,7990000,OTC,,E,PFRMON,0,,,0,,E,05OCT2007:00:00:00,,,12,,,,,,,,,,,,,,,,,,,,,,,,,,,,,,,,,,,,,,,N,,,,,0,1331666.68,0,665833.34,,,,,,VND,,,,01JUL2008:00:00:00,,0,,,,,,,,,,,665833.34,,,,,,,,,,,,,,,,,,,,,,,,,,,,,,,,,,,,,,,,,,,,,,,,,,,,0,,,,,50203015,71001075974,,,,,,,,,,,,,,,,,,,,,,,,,REGLR,,1,N,,,,,,,,,,,,,,,,,,,,,,,,DPDSCH,2,,,,,,BRANCH,,,NONE,,,,,,,,,,,,,,,05OCT2007:00:00:00,,MIGMKR,31JAN2019:00:00:00,MIGAUTH,05OCT2007:21:24:28,C,S,N,N,,,,,,,,,,,,,,,,0,Y,,,,FTKSFN,,,05OCT2007:00:00:00,,,,,,0,,Y,R,,,,,,,,,,,N,,,,,,10000249,I,,,N,N,,,,,2,BR0001,2,BR0001,2,,N,7990000,,0,,,,,,,,,,,,,,,,,,,,,,,,,7.1005E+14,,,7990000,,,0,REGLR,,,,,31JAN2019:00:00:00,,,,,,,,,,,,0,,,,,,,,,,,,,,,5.0203E+20,05OCT2007:00:00:00,665833.34,N,0,,01JUL2008:00:00:00,,,,,0,16-Dec-20
1047,244,1,1,R,FTKSFN,,FTKSFN,FTKSFN,05OCT2007:00:00:00,VND,T,01JUL2008:00:00:00,12,30JUN2008:00:00:00,,,U,6990000,OTC,,E,PFRMON,0,,,0,,E,05OCT2007:00:00:00,,,12,,,,,,,,,,,,,,,,,,,,,,,,,,,,,,,,,,,,,,,N,,,,,0,1165000,0,582500,,,,,,VND,,,,01JUL2008:00:00:00,,0,,,,,,,,,,,582500,,,,,,,,,,,,,,,,,,,,,,,,,,,,,,,,,,,,,,,,,,,,,,,,,,,,0,,,,,10310019,0,,,,,,,,,,,,,,,,,,,,,,,,,REGLR,,1,N,,,,,,,,,,,,,,,,,,,,,,,,DPDSCH,2,,,,,,BRANCH,,,NONE,,,,,,,,,,,,,,,05OCT2007:00:00:00,,MIGMKR,31JAN2019:00:00:00,MIGAUTH,05OCT2007:21:46:25,C,S,N,N,,,,,,,,,,,,,,,,0,Y,,,,FTKSFN,,,05OCT2007:00:00:00,,,,,,0,,Y,R,,,,,,,,,,,N,,,,,,10000254,I,,,N,N,,,,,2,BR0001,2,BR0001,2,,N,6990000,,0,,,,,,,,,,,,,,,,,,,,,,,,,7.1005E+14,,,6990000,,,0,REGLR,,,,,31JAN2019:00:00:00,,,,,,,,,,,,0,,,,,,,,,,,,,,,103100190,05OCT2007:00:00:00,582500,N,0,,01JUL2008:00:00:00,,,,,0,16-Dec-20
1010,101,1,1,R,SALPL1,,SALPL1,SALPL1,11OCT2007:00:00:00,VND,T,05OCT2011:00:00:00,48,04OCT2011:00:00:00,,,U,90000000,OTC,,E,PFRMON,0,,,0,,E,05NOV2007:00:00:00,,,48,,,,,,,,,,,,,,,,,,,,,,,,,,,,,,,,,,,,,,,N,,,,,0,,0,2954700,,,,,,VND,,,,04DEC2009:00:00:00,,0,,,,,,,,,,,2954700,,,,,,,,,,,,,,,,,,,,,,,,,,,,,,,,,,,,,,,,,,,,,,,,,,,,24.41,,,,,50202013,3.101E+13,,,,,,,,,,,,,,,,,,,,,,,,,REGLR,,1,N,,,,,,,,,,,,,,,,,,,,,,,,DPDSCH,2,,,,,,BRANCH,,,NONE,,,,,,,,,,,,,,,12OCT2007:00:00:00,,MIGMKR,31JAN2019:00:00:00,MIGAUTH,11OCT2007:15:20:47,C,S,N,N,,,,,,,,,,,,,,,,0,Y,,,,SALPL1,,,05NOV2007:00:00:00,,,,,,23,,Y,R,,,,,,,,,,,N,,,,,,10000116,I,,,N,N,,,,,0,BR0001,2,BR0001,2,,N,90000000,,0,,,,,,,,,,,,,,,,,,,,,,,,,7.0928E+14,,,90000000,,,0,REGLR,,,,,31JAN2019:00:00:00,,,,,,,,,,,,0,,,,,,,,,,,,,,,5.0202E+21,11OCT2007:00:00:00,2954700,N,0,,04DEC2009:00:00:00,,,,,0,16-Dec-20
1011,124,1,1,R,SALPL1,,SALPL1,SALPL1,06NOV2007:00:00:00,VND,T,01NOV2010:00:00:00,36,31OCT2010:00:00:00,,,U,28000000,OTC,,E,PFRMON,0,,,0,,E,01DEC2007:00:00:00,,,36,,,,,,,,,,,,,,,,,,,,,,,,,,,,,,,,,,,,,,,N,,,,,0,,0,1251000,,,,,,VND,,,,01NOV2010:00:00:00,,0,,,,,,,,,,,1251000,,,,,,,,,,,,,,,,,,,,,,,,,,,,,,,,,,,,,,,,,,,,,,,,,,,,34.01,,,,,50307015,21826859,,,,,,,,,,,,,,,,,,,,,,,,,REGLR,,1,N,,,,,,,,,,,,,,,,,,,,,,,,DPDSCH,2,,,,,,BRANCH,,,NONE,,,,,,,,,,,,,,,07NOV2007:00:00:00,,MIGMKR,31JAN2019:00:00:00,MIGAUTH,06NOV2007:17:56:43,C,S,N,N,,,,,,,,,,,,,,,,0,Y,,,,SALPL1,,,01DEC2007:00:00:00,,,,,,0,,Y,R,,,,,,,,,,,N,,,,,,10000060,I,,,N,N,,,,,0,BR0001,2,BR0001,2,,N,28000000,,0,,,,,,,,,,,,,,,,,,,,,,,,,7.0926E+14,,,28000000,,,1,REGLR,,,,,31JAN2019:00:00:00,,,,,,,,,,,,0,,,,,,,,,,,,,,,5.0307E+15,06NOV2007:00:00:00,1251000,N,0,,01NOV2010:00:00:00,,,,,0,16-Dec-20
1012,139,1,1,R,SALPL1,,SALPL1,SALPL1,08OCT2007:00:00:00,VND,T,01OCT2009:00:00:00,24,30SEP2009:00:00:00,,,U,22000000,OTC,,E,PFRMON,0,,,0,,E,01NOV2007:00:00:00,,,24,,,,,,,,,,,,,,,,,,,,,,,,,,,,,,,,,,,,,,,N,,,,,0,,0,1288500,,,,,,VND,,,,01OCT2009:00:00:00,,0,,,,,,,,,,,1288500,,,,,,,,,,,,,,,,,,,,,,,,,,,,,,,,,,,,,,,,,,,,,,,,,,,,35.09,,,,,50203015,71002582354,,,,,,,,,,,,,,,,,,,,,,,,,REGLR,,1,N,,,,,,,,,,,,,,,,,,,,,,,,DPDSCH,2,,,,,,BRANCH,,,NONE,,,,,,,,,,,,,,,08OCT2007:00:00:00,,MIGMKR,31JAN2019:00:00:00,MIGAUTH,08OCT2007:13:18:23,C,S,N,N,,,,,,,,,,,,,,,,0,Y,,,,SALPL1,,,01NOV2007:00:00:00,,,,,,0,,Y,R,,,,,,,,,,,N,,,,,,10000148,I,,,N,N,,,,,0,BR0001,2,BR0001,2,,N,22000000,,0,,,,,,,,,,,,,,,,,,,,,,,,,7.1002E+14,,,22000000,,,0,REGLR,,,,,31JAN2019:00:00:00,,,,,,,,,,,,0,,,,,,,,,,,,,,,5.0203E+20,08OCT2007:00:00:00,1288500,N,0,,01OCT2009:00:00:00,,,,,0,16-Dec-20
1013,146,1,1,R,SALPL1,,SALPL1,SALPL1,02OCT2007:00:00:00,VND,T,01OCT2010:00:00:00,36,30SEP2010:00:00:00,,,U,40000000,OTC,,E,PFRMON,0,,,0,,E,01NOV2007:00:00:00,,,36,,,,,,,,,,,,,,,,,,,,,,,,,,,,,,,,,,,,,,,N,,,,,0,0,0,1655000,,,,,,VND,,,,,,0,,,,,,,,,,,1655000,,,,,,,,,,,,,,,,,,,11NOV2011:00:00:00,11NOV2011:00:00:00,,,,,,,,,,,,,,,,,,,,,,,,,,,,,,,,28.02,,,,,50202013,,,,,,,,,,,,,,,,,,,,,,0,,,,TB12,,1,N,,,,,,,,,,,,,,,,,,,,,,,,DPDSCH,2,,,,,,BRANCH,11NOV2011:00:00:00,,NONE,,,,,,0,,,,,,,,,05OCT2007:00:00:00,,MIGMKR,31JAN2019:00:00:00,MIGAUTH,05OCT2007:10:38:39,A,S,N,N,,,,,,,,,,,,,,,,0,Y,,,,SALPL1,,,01NOV2007:00:00:00,,,,,,12,,Y,R,,,,,,,,,,,N,,,,,,10000155,I,,,N,N,,,,,0,BR0001,2,BR0001,2,,N,40000000,,0,,,,,,,,,,,,,,,,,,,,,,,,,7.1002E+14,,,40000000,,,4005,TB6,TB12,**WWWWWWWWWWWWWWWWWWWWWW,,,31JAN2019:00:00:00,,,,,,,,,,,,0,,,,,,,,,,,,,,,50202013,05OCT2007:00:00:00,1655000,,0,,01OCT2010:00:00:00,,,,,,16-Dec-20
1014,151,1,1,R,FTKSFN,,FTKSFN,FTKSFN,04OCT2007:00:00:00,VND,T,05JUN2008:00:00:00,12,04JUN2008:00:00:00,,,U,4450000,OTC,,E,PFRMON,0,,,0,,E,04OCT2007:00:00:00,,,12,,,,,,,,,,,,,,,,,,,,,,,,,,,,,,,,,,,,,,,N,,,,,0,741666.68,0,370833.34,,,,,,VND,,,,05JUN2008:00:00:00,,0,,,,,,,,,,,370833.34,,,,,,,,,,,,,,,,,,,,,,,,,,,,,,,,,,,,,,,,,,,,,,,,,,,,0,,,,,10310019,0,,,,,,,,,,,,,,,,,,,,,,,,,REGLR,,1,N,,,,,,,,,,,,,,,,,,,,,,,,DPDSCH,2,,,,,,BRANCH,,,NONE,,,,,,,,,,,,,,,04OCT2007:00:00:00,,MIGMKR,31JAN2019:00:00:00,MIGAUTH,04OCT2007:11:18:35,C,S,N,N,,,,,,,,,,,,,,,,0,Y,,,,FTKSFN,,,04OCT2007:00:00:00,,,,,,0,,Y,R,,,,,,,,,,,N,,,,,,10000160,I,,,N,N,,,,,2,BR0001,2,BR0001,2,,N,4450000,,0,,,,,,,,,,,,,,,,,,,,,,,,,7.1003E+14,,,4450000,,,0,REGLR,,,,,31JAN2019:00:00:00,,,,,,,,,,,,0,,,,,,,,,,,,,,,103100190,04OCT2007:00:00:00,370833.34,N,0,,05JUN2008:00:00:00,,,,,0,16-Dec-20
1015,152,1,1,R,FTKSFN,,FTKSFN,FTKSFN,04OCT2007:00:00:00,VND,T,05JUN2008:00:00:00,12,04JUN2008:00:00:00,,,U,8700000,OTC,,E,PFRMON,0,,,0,,E,04OCT2007:00:00:00,,,12,,,,,,,,,,,,,,,,,,,,,,,,,,,,,,,,,,,,,,,N,,,,,0,1450000,0,725000,,,,,,VND,,,,05JUN2008:00:00:00,,0,,,,,,,,,,,725000,,,,,,,,,,,,,,,,,,,,,,,,,,,,,,,,,,,,,,,,,,,,,,,,,,,,0,,,,,10310019,0,,,,,,,,,,,,,,,,,,,,,,,,,REGLR,,1,N,,,,,,,,,,,,,,,,,,,,,,,,DPDSCH,2,,,,,,BRANCH,,,NONE,,,,,,,,,,,,,,,04OCT2007:00:00:00,,MIGMKR,31JAN2019:00:00:00,MIGAUTH,04OCT2007:11:20:33,C,S,N,N,,,,,,,,,,,,,,,,0,Y,,,,FTKSFN,,,04OCT2007:00:00:00,,,,,,0,,Y,R,,,,,,,,,,,N,,,,,,10000161,I,,,N,N,,,,,2,BR0001,2,BR0001,2,,N,8700000,,0,,,,,,,,,,,,,,,,,,,,,,,,,7.1003E+14,,,8700000,,,0,REGLR,,,,,31JAN2019:00:00:00,,,,,,,,,,,,0,,,,,,,,,,,,,,,103100190,04OCT2007:00:00:00,725000,N,0,,05JUN2008:00:00:00,,,,,0,16-Dec-20
1016,156,1,1,R,FTKSFN,,FTKSFN,FTKSFN,04OCT2007:00:00:00,VND,T,05JUN2008:00:00:00,12,04JUN2008:00:00:00,,,U,5790000,OTC,,E,PFRMON,0,,,0,,E,04OCT2007:00:00:00,,,12,,,,,,,,,,,,,,,,,,,,,,,,,,,,,,,,,,,,,,,N,,,,,0,965000,0,482500,,,,,,VND,,,,10APR2008:00:00:00,,0,,,,,,,,,,,482500,,,,,,,,,,,,,,,,,,,,,,,,,,,,,,,,,,,,,,,,,,,,,,,,,,,,0,,,,,10310019,0,,,,,,,,,,,,,,,,,,,,,,,,,REGLR,,1,N,,,,,,,,,,,,,,,,,,,,,,,,DPDSCH,2,,,,,,BRANCH,,,NONE,,,,,,,,,,,,,,,04OCT2007:00:00:00,,MIGMKR,31JAN2019:00:00:00,MIGAUTH,04OCT2007:11:24:16,C,S,N,N,,,,,,,,,,,,,,,,0,Y,,,,FTKSFN,,,04OCT2007:00:00:00,,,,,,2,,Y,R,,,,,,,,,,,N,,,,,,10000166,I,,,N,N,,,,,2,BR0001,2,BR0001,2,,N,5790000,,0,,,,,,,,,,,,,,,,,,,,,,,,,7.1003E+14,,,5790000,,,0,REGLR,,,,,31JAN2019:00:00:00,,,,,,,,,,,,0,,,,,,,,,,,,,,,103100190,04OCT2007:00:00:00,482500,N,0,,10APR2008:00:00:00,,,,,0,16-Dec-20
1017,158,1,1,R,FTKSFN,,FTKSFN,FTKSFN,04OCT2007:00:00:00,VND,T,05JUN2008:00:00:00,12,04JUN2008:00:00:00,,,U,6750000,OTC,,E,PFRMON,0,,,0,,E,04OCT2007:00:00:00,,,12,,,,,,,,,,,,,,,,,,,,,,,,,,,,,,,,,,,,,,,N,,,,,0,1125000,0,562500,,,,,,VND,,,,05JUN2008:00:00:00,,0,,,,,,,,,,,562500,,,,,,,,,,,,,,,,,,,,,,,,,,,,,,,,,,,,,,,,,,,,,,,,,,,,0,,,,,10310019,0,,,,,,,,,,,,,,,,,,,,,,,,,REGLR,,1,N,,,,,,,,,,,,,,,,,,,,,,,,DPDSCH,2,,,,,,BRANCH,,,NONE,,,,,,,,,,,,,,,04OCT2007:00:00:00,,MIGMKR,31JAN2019:00:00:00,MIGAUTH,04OCT2007:11:17:06,C,S,N,N,,,,,,,,,,,,,,,,0,Y,,,,FTKSFN,,,04OCT2007:00:00:00,,,,,,0,,Y,R,,,,,,,,,,,N,,,,,,10000164,I,,,N,N,,,,,2,BR0001,2,BR0001,2,,N,6750000,,0,,,,,,,,,,,,,,,,,,,,,,,,,7.1003E+14,,,6750000,,,0,REGLR,,,,,31JAN2019:00:00:00,,,,,,,,,,,,0,,,,,,,,,,,,,,,103100190,04OCT2007:00:00:00,562500,N,0,,05JUN2008:00:00:00,,,,,0,16-Dec-20
1018,160,1,1,R,FTKSFN,,FTKSFN,FTKSFN,04OCT2007:00:00:00,VND,T,05JUN2008:00:00:00,12,04JUN2008:00:00:00,,,U,4480000,OTC,,E,PFRMON,0,,,0,,E,04OCT2007:00:00:00,,,12,,,,,,,,,,,,,,,,,,,,,,,,,,,,,,,,,,,,,,,N,,,,,0,746666.68,0,373333.34,,,,,,VND,,,,05JUN2008:00:00:00,,0,,,,,,,,,,,373333.34,,,,,,,,,,,,,,,,,,,,,,,,,,,,,,,,,,,,,,,,,,,,,,,,,,,,0,,,,,50305011,0,,,,,,,,,,,,,,,,,,,,,,,,,REGLR,,1,N,,,,,,,,,,,,,,,,,,,,,,,,DPDSCH,2,,,,,,BRANCH,,,NONE,,,,,,,,,,,,,,,04OCT2007:00:00:00,,MIGMKR,31JAN2019:00:00:00,MIGAUTH,04OCT2007:11:28:40,C,S,N,N,,,,,,,,,,,,,,,,0,Y,,,,FTKSFN,,,04OCT2007:00:00:00,,,,,,0,,Y,R,,,,,,,,,,,N,,,,,,10000169,I,,,N,N,,,,,2,BR0001,2,BR0001,2,,N,4480000,,0,,,,,,,,,,,,,,,,,,,,,,,,,7.1003E+14,,,4480000,,,0,REGLR,,,,,31JAN2019:00:00:00,,,,,,,,,,,,0,,,,,,,,,,,,,,,503050110,04OCT2007:00:00:00,373333.34,N,0,,05JUN2008:00:00:00,,,,,0,16-Dec-20
1019,161,1,1,R,FTKSFN,,FTKSFN,FTKSFN,04OCT2007:00:00:00,VND,T,05JUN2008:00:00:00,12,04JUN2008:00:00:00,,,U,4590000,OTC,,E,PFRMON,0,,,0,,E,04OCT2007:00:00:00,,,12,,,,,,,,,,,,,,,,,,,,,,,,,,,,,,,,,,,,,,,N,,,,,0,765000,0,382500,,,,,,VND,,,,05JUN2008:00:00:00,,0,,,,,,,,,,,382500,,,,,,,,,,,,,,,,,,,,,,,,,,,,,,,,,,,,,,,,,,,,,,,,,,,,0,,,,,10310019,0,,,,,,,,,,,,,,,,,,,,,,,,,REGLR,,1,N,,,,,,,,,,,,,,,,,,,,,,,,DPDSCH,2,,,,,,BRANCH,,,NONE,,,,,,,,,,,,,,,04OCT2007:00:00:00,,MIGMKR,31JAN2019:00:00:00,MIGAUTH,04OCT2007:11:30:06,C,S,N,N,,,,,,,,,,,,,,,,0,Y,,,,FTKSFN,,,04OCT2007:00:00:00,,,,,,0,,Y,R,,,,,,,,,,,N,,,,,,10000170,I,,,N,N,,,,,2,BR0001,2,BR0001,2,,N,4590000,,0,,,,,,,,,,,,,,,,,,,,,,,,,7.1003E+14,,,4590000,,,0,REGLR,,,,,31JAN2019:00:00:00,,,,,,,,,,,,0,,,,,,,,,,,,,,,103100190,04OCT2007:00:00:00,382500,N,0,,05JUN2008:00:00:00,,,,,0,16-Dec-20
1058,279,1,1,R,FTKSFN,,FTKSFN,FTKSFN,10OCT2007:00:00:00,VND,T,01JUL2008:00:00:00,12,30JUN2008:00:00:00,,,U,5590000,OTC,,E,PFRMON,0,,,0,,E,10OCT2007:00:00:00,,,12,,,,,,,,,,,,,,,,,,,,,,,,,,,,,,,,,,,,,,,N,,,,,0,931666.68,0,465833.34,,,,,,VND,,,,01JUL2008:00:00:00,,0,,,,,,,,,,,465833.34,,,,,,,,,,,,,,,,,,,,,,,,,,,,,,,,,,,,,,,,,,,,,,,,,,,,0,,,,,50203015,710017680,,,,,,,,,,,,,,,,,,,,,,,,,REGLR,,1,N,,,,,,,,,,,,,,,,,,,,,,,,DPDSCH,2,,,,,,BRANCH,,,NONE,,,,,,,,,,,,,,,10OCT2007:00:00:00,,MIGMKR,31JAN2019:00:00:00,MIGAUTH,10OCT2007:12:18:24,C,S,N,N,,,,,,,,,,,,,,,,0,Y,,,,FTKSFN,,,10OCT2007:00:00:00,,,,,,0,,Y,R,,,,,,,,,,,N,,,,,,10000288,I,,,N,N,,,,,2,BR0001,2,BR0001,2,,N,5590000,,0,,,,,,,,,,,,,,,,,,,,,,,,,7.1006E+14,,,5590000,,,0,REGLR,,,,,31JAN2019:00:00:00,,,,,,,,,,,,0,,,,,,,,,,,,,,,5.0203E+18,10OCT2007:00:00:00,465833.34,N,0,,01JUL2008:00:00:00,,,,,0,16-Dec-20
1059,280,1,1,R,FTKSFN,,FTKSFN,FTKSFN,10OCT2007:00:00:00,VND,T,01JUL2008:00:00:00,12,30JUN2008:00:00:00,,,U,4790000,OTC,,E,PFRMON,0,,,0,,E,10OCT2007:00:00:00,,,12,,,,,,,,,,,,,,,,,,,,,,,,,,,,,,,,,,,,,,,N,,,,,0,798333.34,0,399166.67,,,,,,VND,,,,01JUL2008:00:00:00,,0,,,,,,,,,,,399166.67,,,,,,,,,,,,,,,,,,,,,,,,,,,,,,,,,,,,,,,,,,,,,,,,,,,,0,,,,,50304019,102345840,,,,,,,,,,,,,,,,,,,,,,,,,REGLR,,1,N,,,,,,,,,,,,,,,,,,,,,,,,DPDSCH,2,,,,,,BRANCH,,,NONE,,,,,,,,,,,,,,,10OCT2007:00:00:00,,MIGMKR,31JAN2019:00:00:00,MIGAUTH,10OCT2007:12:20:41,C,S,N,N,,,,,,,,,,,,,,,,0,Y,,,,FTKSFN,,,10OCT2007:00:00:00,,,,,,0,,Y,R,,,,,,,,,,,N,,,,,,10000289,I,,,N,N,,,,,2,BR0001,2,BR0001,2,,N,4790000,,0,,,,,,,,,,,,,,,,,,,,,,,,,7.1006E+14,,,4790000,,,0,REGLR,,,,,31JAN2019:00:00:00,,,,,,,,,,,,0,,,,,,,,,,,,,,,5.0304E+17,10OCT2007:00:00:00,399166.67,N,0,,01JUL2008:00:00:00,,,,,0,16-Dec-20
